full_name,age,position,Current Club,minutes_played_overall,goals_overall,assists_overall,cards_per_90_overall,conceded_per_90_overall,min_per_match,rank_in_league_top_attackers,rank_in_league_top_midfielders,rank_in_league_top_defenders
Aaron Cresswell,32,Defender,West Ham United,1589,0,1,0.06,1.25,79,290,191,80
Aaron Lennon,35,Midfielder,Burnley,1217,1,1,0.07,1.48,76,196,187,-1
Aaron Mooy,32,Midfielder,Huddersfield Town,2327,3,1,0.15,1.78,80,144,233,-1
Aaron Ramsey,31,Midfielder,Arsenal,1327,4,6,0.0,0.81,47,69,8,-1
Aaron Rowe,22,Forward,Huddersfield Town,69,0,0,0.0,1.3,35,-1,-1,-1
Aaron Wan-Bissaka,24,Midfielder,Crystal Palace,3135,0,3,0.17,1.18,90,312,160,-1
Abdelhamid Sabiri,25,Midfielder,Huddersfield Town,49,0,0,0.0,5.51,25,-1,-1,-1
Abdoulaye Doucouré,29,Midfielder,Watford,3062,5,6,0.21,1.59,87,124,80,-1
Aboubakar Kamara,27,Forward,Fulham,687,3,0,0.26,2.1,53,38,412,-1
Adalberto Peñaranda Maestre,25,Forward,Watford,0,0,0,0.0,0.0,0,-1,-1,-1
Adam Lallana,34,Midfielder,Liverpool,465,0,0,0.19,0.39,36,379,344,-1
Adam Masina,28,Defender,Watford,1003,0,1,0.45,1.7,72,397,155,144
Adam Smith,31,Defender,AFC Bournemouth,2073,1,1,0.3,1.3,83,227,228,85
Adama Diakhaby,26,Forward,Huddersfield Town,551,0,0,0.16,2.61,46,332,359,-1
Adama Traoré,26,Midfielder,Wolverhampton Wanderers,890,1,1,0.1,1.11,31,160,152,-1
Ademola Lookman,25,Forward,Everton,601,0,2,0.0,1.05,29,292,20,-1
Adrián,35,Goalkeeper,West Ham United,0,0,0,0.0,0.0,0,-1,-1,-1
Adrian Mariappa,36,Defender,Watford,1921,0,0,0.14,1.36,74,396,414,94
Adrien Sebastian Perruchet Silva,33,Midfielder,Leicester City,88,0,0,0.0,1.02,44,-1,-1,-1
Ainsley Maitland-Niles,25,Midfielder,Arsenal,985,1,1,0.27,1.46,62,174,167,-1
Alberto Moreno,30,Defender,Liverpool,155,0,0,0.0,1.16,78,-1,-1,-1
Aleksandar Mitrović,28,Forward,Fulham,3282,11,3,0.19,2.03,89,62,176,-1
Alex Iwobi,26,Forward,Arsenal,1972,3,6,0.0,1.41,56,128,31,-1
Alex McCarthy,32,Goalkeeper,Southampton,2250,0,0,0.04,1.48,90,372,365,114
Alex Oxlade-Chamberlain,29,Midfielder,Liverpool,19,0,0,0.0,0.0,10,-1,-1,-1
Alex Pritchard,29,Midfielder,Huddersfield Town,2092,2,0,0.09,1.68,70,171,373,-1
Alex Smithies,32,Goalkeeper,Cardiff City,0,0,0,0.0,0.0,0,-1,-1,-1
Alexander Sørloth,26,Forward,Crystal Palace,173,0,0,0.0,0.52,14,-1,-1,-1
Alexandre Lacazette,31,Forward,Arsenal,2503,13,8,0.07,1.01,72,21,25,-1
Alexandre Nascimento Costa Silva,25,Forward,West Ham United,17,0,0,0.0,0.0,17,-1,-1,-1
Alexis Sanchez,33,Forward,Manchester United,877,1,3,0.31,0.82,44,166,17,-1
Alfie Jones,25,Defender,Southampton,0,0,0,0.0,0.0,0,-1,-1,-1
Alfie Mawson,28,Defender,Fulham,1131,0,0,0.16,1.99,75,307,255,161
Alfie Whiteman,24,Goalkeeper,Tottenham Hotspur,0,0,0,0.0,0.0,0,-1,-1,-1
Ali Koiki,22,Defender,Burnley,0,0,0,0.0,0.0,0,-1,-1,-1
Alireza Jahanbakhsh,29,Forward,Brighton & Hove Albion,1022,0,0,0.18,1.41,54,403,270,-1
Alisson Becker,30,Goalkeeper,Liverpool,3420,0,0,0.03,0.5,90,417,387,3
Alvaro Morata,30,Forward,Chelsea,943,5,0,0.29,1.05,59,20,338,-1
Ander Herrera,33,Midfielder,Manchester United,1404,2,3,0.26,1.09,64,134,68,-1
André Gomes,29,Midfielder,Everton,1986,1,1,0.32,1.22,74,220,213,-1
Andre Gray,31,Forward,Watford,1358,7,2,0.13,1.52,47,25,109,-1
André Schürrle,31,Midfielder,Fulham,1650,6,0,0.11,2.29,69,54,417,-1
André-Frank Zambo Anguissa,26,Midfielder,Fulham,1518,0,0,0.18,1.78,69,288,285,-1
Andreas Christensen,26,Defender,Chelsea,615,0,0,0.15,1.02,77,338,346,35
Andreas Pereira,26,Midfielder,Manchester United,595,1,1,0.76,1.51,40,117,93,-1
Andrew Robertson,28,Defender,Liverpool,3219,0,11,0.11,0.48,89,418,19,2
Andrew Surman,36,Midfielder,AFC Bournemouth,1438,0,0,0.13,2.19,80,359,379,-1
Andriy Yarmolenko,33,Forward,West Ham United,459,2,0,0.39,0.78,51,36,361,-1
Andros Townsend,31,Midfielder,Crystal Palace,3018,6,4,0.03,1.31,79,102,127,-1
Andy Carroll,33,Forward,West Ham United,454,0,0,0.4,1.19,38,270,326,-1
Angel Gomes,22,Midfielder,Manchester United,25,0,0,0.0,3.6,13,-1,-1,-1
Angelo Ogbonna,34,Defender,West Ham United,1870,1,1,0.1,1.54,78,226,207,124
Angus Gunn,26,Goalkeeper,Southampton,1080,0,0,0.0,1.42,90,376,339,104
Anthony Driscoll-Glennon,22,Defender,Burnley,0,0,0,0.0,0.0,0,-1,-1,-1
Anthony Knockaert,30,Midfielder,Brighton & Hove Albion,1832,2,6,0.29,1.77,61,159,27,-1
Anthony Martial,26,Forward,Manchester United,1623,10,2,0.11,1.39,60,13,141,-1
Antonio Barreca,27,Defender,Newcastle United,4,0,0,0.0,0.0,4,-1,-1,-1
Antonio Rüdiger,29,Defender,Chelsea,2874,1,0,0.22,1.06,87,259,374,38
Antonio Valencia,37,Defender,Manchester United,466,0,0,0.39,0.97,78,300,256,29
Arijanet Muric,23,Goalkeeper,Manchester City,0,0,0,0.0,0.0,0,-1,-1,-1
Aron Einar Gunnarsson,33,Midfielder,Cardiff City,2274,1,1,0.2,1.46,81,232,234,-1
Arthur Masuaku,28,Defender,West Ham United,1756,0,1,0.1,1.33,76,368,203,89
Artur Boruc,42,Goalkeeper,AFC Bournemouth,1080,0,0,0.17,1.42,90,361,394,100
Ashley Barnes,32,Forward,Burnley,2400,12,2,0.3,1.28,65,27,172,-1
Ashley Westwood,32,Midfielder,Burnley,2822,2,7,0.16,1.4,83,212,55,-1
Ashley Young,37,Midfielder,Manchester United,2568,2,2,0.35,1.44,86,195,181,-1
Asmir Begović,35,Goalkeeper,AFC Bournemouth,2160,0,0,0.0,1.83,90,358,273,154
Aymeric Laporte,28,Defender,Manchester City,3057,3,3,0.09,0.62,87,176,158,14
Ayoze Perez,29,Forward,Newcastle United,2929,12,2,0.06,1.04,79,44,197,-1
Bakary Sako,34,Midfielder,Crystal Palace,25,0,0,0.0,0.0,6,-1,-1,-1
Ben Chilwell,25,Defender,Leicester City,3240,0,4,0.11,1.08,90,344,139,44
Ben Davies,29,Defender,Tottenham Hotspur,1839,0,0,0.1,1.17,68,353,274,60
Ben Foster,39,Goalkeeper,Watford,3420,0,0,0.03,1.5,90,365,353,116
Ben Gibson,29,Defender,Burnley,63,1,0,1.43,4.29,63,-1,-1,-1
Ben Hamer,34,Goalkeeper,Huddersfield Town,553,0,0,0.0,3.25,79,327,348,175
Ben Johnson,22,Forward,West Ham United,63,0,0,0.0,1.43,63,-1,-1,-1
Ben Mee,33,Defender,Burnley,3420,0,2,0.24,1.5,90,380,211,118
Ben White,25,Defender,Brighton & Hove Albion,0,0,0,0.0,0.0,0,-1,-1,-1
Ben Wilmot,23,Defender,Watford,26,0,0,0.0,6.92,13,-1,-1,-1
Benjamin Mendy,28,Defender,Manchester City,900,0,5,0.1,0.6,90,311,3,12
Beram Kayal,34,Midfielder,Brighton & Hove Albion,934,1,1,0.39,1.45,52,163,146,-1
Bernard Anício Caldeira Duarte,30,Midfielder,Everton,2128,1,3,0.21,0.8,63,243,117,-1
Bernardo,27,Defender,Brighton & Hove Albion,1750,0,1,0.21,1.44,80,400,200,107
Bernardo Silva,28,Midfielder,Manchester City,2853,7,7,0.09,0.69,79,85,58,-1
Bernd Leno,30,Goalkeeper,Arsenal,2835,0,0,0.0,1.24,89,390,413,76
Bobby Reid,29,Midfielder,Cardiff City,1422,5,2,0.0,1.71,53,55,115,-1
Brian Murphy,39,Goalkeeper,Cardiff City,0,0,0,0.0,0.0,0,-1,-1,-1
Bright Enobakhare,24,Forward,Wolverhampton Wanderers,0,0,0,0.0,0.0,0,-1,-1,-1
Bruno Écuélé Manga,34,Defender,Cardiff City,3375,0,1,0.0,1.57,89,337,242,126
Bruno Saltor Grau,42,Defender,Brighton & Hove Albion,1136,0,1,0.16,1.35,81,399,175,92
Caglar Söyüncü,26,Defender,Leicester City,371,0,0,0.24,0.73,62,267,330,16
Callum Hudson-Odoi,21,Midfielder,Chelsea,391,0,1,0.0,1.15,39,277,54,-1
Callum Paterson,28,Defender,Cardiff City,1996,4,1,0.18,1.67,74,108,202,137
Callum Roberts,25,Forward,Newcastle United,0,0,0,0.0,0.0,0,-1,-1,-1
Callum Slattery,23,Midfielder,Southampton,110,0,0,0.0,0.0,37,-1,-1,-1
Callum Wilson,30,Forward,AFC Bournemouth,2535,14,9,0.11,1.56,85,17,16,-1
Calum Chambers,27,Defender,Fulham,2587,2,0,0.31,1.7,83,198,399,143
Cameron John,23,Defender,Wolverhampton Wanderers,0,0,0,0.0,0.0,0,-1,-1,-1
Carl Jenkinson,30,Defender,Arsenal,166,0,0,0.0,1.08,55,-1,-1,-1
Carlos Sánchez,36,Midfielder,West Ham United,240,0,0,0.0,0.75,34,-1,-1,-1
Cedric Soares,31,Defender,Southampton,1494,1,2,0.24,1.57,83,204,124,127
Cenk Tosun,31,Forward,Everton,1050,3,3,0.26,1.37,42,74,37,-1
Cesar Azpilicueta,33,Defender,Chelsea,3403,1,5,0.11,1.0,90,260,116,33
Cesc Fabregas,35,Midfielder,Chelsea,175,0,0,0.51,1.03,29,-1,-1,-1
Charlie Austin,33,Forward,Southampton,980,2,2,0.09,1.29,39,105,73,-1
Charlie Daniels,36,Defender,AFC Bournemouth,1583,1,0,0.23,1.82,75,208,254,152
Charlie Taylor,29,Defender,Burnley,3240,0,1,0.06,1.47,85,381,239,111
Cheikhou Kouyaté,32,Midfielder,Crystal Palace,1897,0,2,0.14,1.14,61,323,161,-1
Chris Löwe,33,Defender,Huddersfield Town,2056,0,2,0.09,2.28,71,328,163,169
Chris Mepham,24,Defender,AFC Bournemouth,849,0,1,0.11,1.7,65,279,133,142
Chris Smalling,32,Defender,Manchester United,2128,1,0,0.04,1.44,89,246,294,106
Chris Wood,30,Forward,Burnley,2582,10,2,0.07,1.5,68,50,188,-1
Christian Atsu Twasam,30,Midfielder,Newcastle United,1487,1,0,0.12,0.97,53,206,271,-1
Christian Benteke,31,Forward,Crystal Palace,813,1,1,0.11,1.11,51,149,142,-1
Christian Eriksen,30,Midfielder,Tottenham Hotspur,2772,8,12,0.1,1.1,79,76,10,-1
Christian Fuchs,36,Defender,Leicester City,206,0,0,0.0,1.75,69,-1,-1,-1
Christian Kabasele,31,Defender,Watford,1587,0,0,0.23,1.42,76,393,402,101
Christopher Schindler,32,Defender,Huddersfield Town,3262,1,0,0.17,1.9,88,252,345,157
Ciaran Clark,33,Defender,Newcastle United,857,3,0,0.11,1.47,78,56,315,113
Claudio Bravo,39,Goalkeeper,Manchester City,0,0,0,0.0,0.0,0,-1,-1,-1
Collin Quaner,31,Forward,Huddersfield Town,37,0,0,0.0,4.86,19,-1,-1,-1
Connor Wickham,29,Forward,Crystal Palace,61,0,1,0.0,0.0,10,-1,-1,-1
Conor Coady,29,Midfielder,Wolverhampton Wanderers,3420,0,0,0.13,1.13,90,394,415,-1
Conor Coventry,22,Midfielder,West Ham United,0,0,0,0.0,0.0,0,-1,-1,-1
Craig Cathcart,33,Defender,Watford,3099,3,0,0.06,1.51,86,177,400,119
Curtis Jones,21,Midfielder,Liverpool,0,0,0,0.0,0.0,0,-1,-1,-1
Cyrus Christie,30,Defender,Fulham,1943,0,1,0.32,1.85,69,315,205,155
Dale Stephens,33,Midfielder,Brighton & Hove Albion,2487,1,1,0.29,1.56,83,247,224,-1
Dan Burn,30,Defender,Brighton & Hove Albion,0,0,0,0.0,0.0,0,-1,-1,-1
Dan Gosling,32,Midfielder,AFC Bournemouth,1737,2,1,0.41,1.61,69,158,206,-1
Daniel Amartey,27,Midfielder,Leicester City,640,0,0,0.28,1.27,71,343,313,-1
Daniel Sturridge,33,Forward,Liverpool,496,2,1,0.18,0.54,28,48,79,-1
Daniel Williams,33,Midfielder,Huddersfield Town,93,0,0,0.97,0.97,19,-1,-1,-1
Danilo,31,Defender,Manchester City,806,1,0,0.11,0.78,73,151,318,18
Danny Drinkwater,32,Midfielder,Chelsea,0,0,0,0.0,0.0,0,-1,-1,-1
Danny Ings,30,Forward,Southampton,1668,7,3,0.05,1.4,70,39,87,-1
Danny Rose,32,Defender,Tottenham Hotspur,1806,0,3,0.25,0.6,69,287,95,11
Danny Simpson,35,Defender,Leicester City,291,0,0,0.0,1.24,49,269,333,73
Danny Ward,29,Goalkeeper,Leicester City,0,0,0,0.0,0.0,0,-1,-1,-1
Danny Ward,31,Forward,Cardiff City,440,1,0,0.0,2.25,31,94,382,-1
Danny Welbeck,31,Forward,Arsenal,147,1,1,0.0,1.22,18,-1,-1,-1
Daryl Janmaat,33,Defender,Watford,1521,0,2,0.18,1.3,85,395,121,84
David Brooks,25,Forward,AFC Bournemouth,2278,7,5,0.12,1.54,76,68,66,-1
David Button,33,Goalkeeper,Brighton & Hove Albion,360,0,0,0.0,1.25,90,404,327,79
David de Gea,31,Goalkeeper,Manchester United,3420,0,0,0.03,1.34,90,310,419,91
David Junior Hoilett,32,Forward,Cardiff City,2142,3,1,0.17,1.76,67,137,220,-1
David Luiz,35,Defender,Chelsea,3239,3,2,0.08,0.97,90,186,198,27
David Silva,36,Midfielder,Manchester City,2411,6,8,0.11,0.52,73,88,22,-1
Davide Zappacosta,30,Defender,Chelsea,125,0,0,0.0,0.0,31,-1,-1,-1
Davinson Sánchez,26,Defender,Tottenham Hotspur,1943,1,1,0.09,0.97,84,221,208,26
Davy Pröpper,31,Midfielder,Brighton & Hove Albion,2551,1,1,0.07,1.55,85,241,226,-1
DeAndre Yedlin,29,Defender,Newcastle United,2475,1,2,0.29,1.35,85,237,177,93
Declan Rice,23,Midfielder,West Ham United,3005,2,0,0.12,1.26,88,210,362,-1
Dejan Lovren,33,Defender,Liverpool,985,1,0,0.09,0.64,76,173,324,15
Dele Alli,26,Midfielder,Tottenham Hotspur,1827,5,3,0.2,0.84,73,82,97,-1
Demarai Gray,26,Midfielder,Leicester City,1992,4,1,0.09,1.17,59,103,212,-1
Demeaco Duhaney,24,Defender,Huddersfield Town,46,0,0,0.0,0.0,46,-1,-1,-1
Denis Odoi,34,Defender,Fulham,2593,0,1,0.14,2.05,84,286,244,166
Denis Suárez,28,Midfielder,Arsenal,67,0,0,0.0,0.0,17,-1,-1,-1
Diego Rico,29,Defender,AFC Bournemouth,607,0,0,0.15,2.67,51,306,261,172
Diogo Dalot,23,Defender,Manchester United,1015,0,2,0.27,1.6,63,283,77,131
Diogo José Teixeira da Silva,25,Midfielder,Wolverhampton Wanderers,2371,9,5,0.42,1.1,72,52,71,-1
Divock Origi,27,Forward,Liverpool,366,3,1,0.0,0.49,31,2,42,-1
Domingos Quina,22,Midfielder,Watford,335,1,0,0.0,1.34,42,72,316,-1
Dominic Calvert-Lewin,25,Forward,Everton,1774,6,2,0.15,1.22,51,65,145,-1
Dominic Solanke,25,Forward,AFC Bournemouth,341,0,1,0.0,1.06,34,280,38,-1
Dwight McNeil,22,Forward,Burnley,1599,3,5,0.11,1.24,76,112,29,-1
Eden Hazard,31,Midfielder,Chelsea,2926,16,15,0.06,1.05,79,18,5,-1
Ederson,29,Goalkeeper,Manchester City,3420,0,1,0.05,0.61,90,366,240,13
Edward Nketiah,23,Forward,Arsenal,62,1,0,0.0,2.9,12,-1,-1,-1
Elias Kachunga,30,Forward,Huddersfield Town,1181,0,0,0.15,2.13,59,303,259,-1
Emerson Hyndman,26,Midfielder,AFC Bournemouth,37,0,0,0.0,4.86,37,-1,-1,-1
Emerson Palmieri,28,Defender,Chelsea,660,0,0,0.0,1.36,66,274,296,96
Emile Smith Rowe,22,Midfielder,Arsenal,0,0,0,0.0,0.0,0,-1,-1,-1
Emiliano Martínez,30,Goalkeeper,Arsenal,0,0,0,0.0,0.0,0,-1,-1,-1
Eric Bailly,28,Defender,Manchester United,637,0,0,0.28,1.7,53,340,310,141
Eric Dier,28,Midfielder,Tottenham Hotspur,1510,3,0,0.24,0.95,76,107,278,-1
Erik Durm,30,Defender,Huddersfield Town,2052,0,1,0.0,1.89,73,305,232,156
Erik Lamela,30,Midfielder,Tottenham Hotspur,971,4,2,0.19,1.02,51,45,69,-1
Ethan Ampadu,22,Midfielder,Chelsea,0,0,0,0.0,0.0,0,-1,-1,-1
Étienne Capoue,34,Midfielder,Watford,2947,1,3,0.49,1.44,89,253,153,-1
Fabián Balbuena,31,Defender,West Ham United,2014,1,0,0.09,1.21,88,231,356,66
Fabian Delph,32,Midfielder,Manchester City,725,0,1,0.37,1.12,66,295,123,-1
Fabian Schär,30,Defender,Newcastle United,2002,4,1,0.54,0.94,83,110,230,23
Fabinho,29,Midfielder,Liverpool,2013,1,2,0.27,0.58,72,229,166,-1
Fabricio Martín Agosto Ramírez,34,Goalkeeper,Fulham,180,0,0,0.0,2.5,90,-1,-1,-1
Faustino Marcos Alberto Rojo,32,Defender,Manchester United,211,0,0,0.85,1.71,42,-1,-1,-1
Federico Fernández,33,Defender,Newcastle United,1484,0,1,0.12,1.33,78,297,194,90
Felipe Anderson,29,Midfielder,West Ham United,3054,9,4,0.09,1.27,85,70,130,-1
Fernandinho,37,Midfielder,Manchester City,2381,1,3,0.19,0.57,82,228,132,-1
Fernando Llorente Torres,37,Forward,Tottenham Hotspur,683,1,4,0.26,1.05,34,133,2,-1
Florent Hadergjonaj,28,Defender,Huddersfield Town,1840,0,0,0.05,1.66,77,329,376,135
Florian Lejeune,31,Defender,Newcastle United,1055,0,0,0.0,1.02,88,278,301,36
Florin Andone,29,Forward,Brighton & Hove Albion,874,3,0,0.51,1.34,38,60,289,-1
Floyd Ayité,33,Midfielder,Fulham,465,1,0,0.0,2.52,29,101,268,-1
Fousseni Diabaté,27,Midfielder,Leicester City,55,0,0,0.0,1.64,55,-1,-1,-1
Fraser Forster,34,Goalkeeper,Southampton,90,0,0,0.0,3.0,90,-1,-1,-1
Fred,29,Midfielder,Manchester United,1045,1,1,0.17,1.64,61,178,156,-1
Freddie Woodman,25,Goalkeeper,Newcastle United,0,0,0,0.0,0.0,0,-1,-1,-1
Gabriel Jesus,25,Forward,Manchester City,1019,7,3,0.09,0.97,35,6,33,-1
Gaëtan Bong Songo,34,Defender,Brighton & Hove Albion,1805,0,0,0.0,1.6,82,401,336,132
Gary Cahill,36,Defender,Chelsea,22,0,0,0.0,0.0,11,-1,-1,-1
Gary Madine,32,Forward,Cardiff City,32,0,0,0.0,5.63,6,-1,-1,-1
George Marsh,23,Midfielder,Tottenham Hotspur,0,0,0,0.0,0.0,0,-1,-1,-1
Georges-Kevin N'Koudou Mbida,27,Forward,Tottenham Hotspur,4,0,1,0.0,0.0,4,-1,-1,-1
Georginio Wijnaldum,31,Midfielder,Liverpool,2735,3,0,0.1,0.49,78,164,416,-1
Gerard Deulofeu,28,Forward,Watford,2082,10,5,0.13,1.21,69,29,59,-1
Glenn Murray,39,Forward,Brighton & Hove Albion,2513,13,1,0.18,1.58,66,24,227,-1
Gonzalo Higuain,34,Forward,Chelsea,1092,5,0,0.0,1.24,78,33,306,-1
Grady Diangana,24,Midfielder,West Ham United,604,0,1,0.0,1.64,36,298,89,-1
Granit Xhaka,30,Midfielder,Arsenal,2502,4,2,0.36,1.26,86,127,183,-1
Greg Cunningham,31,Defender,Cardiff City,630,0,0,0.43,2.29,90,313,381,170
Gylfi Sigurdsson,33,Midfielder,Everton,3134,13,6,0.09,1.15,82,43,86,-1
Hamza Choudhury,25,Midfielder,Leicester City,596,0,0,0.0,0.6,66,275,297,-1
Harry Arter,32,Midfielder,Cardiff City,2008,0,1,0.45,1.66,80,304,221,-1
Harry Kane,29,Forward,Tottenham Hotspur,2427,17,4,0.19,1.04,87,5,94,-1
Harry Maguire,29,Defender,Leicester City,2599,3,0,0.28,1.25,84,165,299,78
Harry Winks,26,Midfielder,Tottenham Hotspur,1591,1,0,0.23,0.91,61,207,335,-1
Harvey Barnes,24,Midfielder,Leicester City,1007,1,2,0.0,1.43,63,175,78,-1
Håvard Nordtveit,32,Midfielder,Fulham,361,0,1,0.0,2.24,72,419,41,-1
Hector Bellerin,27,Defender,Arsenal,1535,0,5,0.18,1.17,81,385,26,61
Hélder Wander Sousa Azevedo Costa,28,Midfielder,Wolverhampton Wanderers,1345,1,2,0.2,1.2,54,200,113,-1
Henrikh Mkhitaryan,33,Midfielder,Arsenal,1643,6,4,0.05,1.37,66,53,56,-1
Heung-Min Son,30,Forward,Tottenham Hotspur,2048,12,6,0.18,0.88,66,14,34,-1
Heurelho da Silva Gomes,41,Goalkeeper,Watford,0,0,0,0.0,0.0,0,-1,-1,-1
Hugo Lloris,35,Goalkeeper,Tottenham Hotspur,2970,0,0,0.0,0.91,90,339,284,21
Ibrahima Cissé,28,Midfielder,Fulham,87,0,0,0.0,3.1,29,-1,-1,-1
Idrissa Gueye,33,Midfielder,Everton,2825,0,2,0.19,0.92,86,413,193,-1
İlkay Gündoğan,32,Midfielder,Manchester City,2135,6,3,0.13,0.63,69,78,120,-1
Isaac Hayden,27,Midfielder,Newcastle United,1886,1,4,0.24,1.19,75,219,67,-1
Isaac Mbenza,26,Forward,Huddersfield Town,981,1,1,0.09,2.29,45,172,165,-1
Isaac Success,26,Forward,Watford,1037,1,1,0.35,1.74,35,181,154,-1
Issa Diop,25,Defender,West Ham United,2970,1,0,0.12,1.15,90,248,364,55
Ivan Ricardo Neves Abreu Cavaleiro,29,Forward,Wolverhampton Wanderers,683,3,1,0.13,1.32,30,34,119,-1
Jack Cork,33,Midfielder,Burnley,3313,1,2,0.16,1.47,90,249,204,-1
Jack Simpson,25,Defender,AFC Bournemouth,403,0,0,0.0,2.01,67,272,314,163
Jack Stephens,28,Defender,Southampton,1697,1,0,0.21,1.59,71,223,369,130
Jack Wilshere,30,Midfielder,West Ham United,389,0,1,0.46,1.85,49,369,48,-1
Jacob Murphy,27,Midfielder,Newcastle United,300,0,1,0.0,2.1,33,301,21,-1
Jaïro Riedewald,26,Defender,Crystal Palace,0,0,0,0.0,0.0,0,-1,-1,-1
Jamaal Lascelles,28,Defender,Newcastle United,2748,0,1,0.13,1.08,86,346,245,41
James Garner,21,Defender,Manchester United,0,0,0,0.0,0.0,0,-1,-1,-1
James Maddison,25,Midfielder,Leicester City,2850,7,7,0.16,1.23,79,83,60,-1
James McArthur,35,Midfielder,Crystal Palace,3071,3,6,0.21,1.29,81,179,74,-1
James McCarthy,31,Midfielder,Everton,14,0,0,0.0,0.0,14,-1,-1,-1
James Milner,36,Midfielder,Liverpool,1785,5,4,0.35,0.55,58,81,65,-1
James Tarkowski,29,Defender,Burnley,3087,3,1,0.23,1.52,88,170,238,121
James Tomkins,33,Defender,Crystal Palace,2563,1,1,0.21,1.19,88,235,215,63
James Ward-Prowse,27,Midfielder,Southampton,1942,7,0,0.19,1.67,75,58,347,-1
Jamie Sterry,26,Defender,Newcastle United,0,0,0,0.0,0.0,0,-1,-1,-1
Jamie Vardy,35,Forward,Leicester City,2735,18,4,0.16,1.09,80,9,118,-1
Jan Bednarek,26,Defender,Southampton,2151,0,1,0.29,1.38,86,377,225,98
Jan Vertonghen,35,Defender,Tottenham Hotspur,1915,1,0,0.23,0.99,87,225,282,31
Jannik Vestergaard,30,Defender,Southampton,2030,0,0,0.09,1.2,88,373,367,65
Jason Puncheon,36,Midfielder,Huddersfield Town,391,0,0,0.23,1.84,36,302,258,-1
Jason Steele,32,Goalkeeper,Brighton & Hove Albion,0,0,0,0.0,0.0,0,-1,-1,-1
Javier Hernandez,34,Forward,West Ham United,1335,7,1,0.13,1.08,53,23,186,-1
Javier Manquillo,28,Defender,Newcastle United,1097,0,3,0.16,0.98,61,350,40,30
Jayson Molumby,23,Midfielder,Brighton & Hove Albion,0,0,0,0.0,0.0,0,-1,-1,-1
Jazz Richards,31,Defender,Cardiff City,128,0,0,0.0,2.81,32,-1,-1,-1
Jean Michau00ebl Seri,31,Midfielder,Fulham,2252,1,2,0.24,2.12,70,236,171,-1
Jeff Hendrick,30,Midfielder,Burnley,2069,3,0,0.17,1.78,65,131,349,-1
Jefferson Lerma,28,Midfielder,AFC Bournemouth,2511,2,0,0.43,1.61,84,202,288,-1
Jeffrey Schlupp,29,Defender,Crystal Palace,1665,4,1,0.05,1.3,56,89,209,86
Jermain Defoe,40,Forward,AFC Bournemouth,21,0,0,0.0,8.57,5,-1,-1,-1
Jesse Lingard,29,Midfielder,Manchester United,1668,4,2,0.16,1.35,62,87,135,-1
João Moutinho,36,Midfielder,Wolverhampton Wanderers,3040,1,8,0.12,1.1,80,258,44,-1
Joe Bennett,32,Defender,Cardiff City,2641,0,1,0.17,1.47,88,324,241,112
Joe Bryan,29,Defender,Fulham,2350,0,1,0.19,1.95,84,316,218,158
Joe Daniel Tupper,24,Goalkeeper,Crystal Palace,0,0,0,0.0,0.0,0,-1,-1,-1
Joe Gomez,25,Defender,Liverpool,1060,0,0,0.17,0.25,66,407,398,1
Joe Hart,35,Goalkeeper,Burnley,1710,0,0,0.0,1.79,90,367,341,149
Joe Powell,24,Forward,West Ham United,0,0,0,0.0,0.0,0,-1,-1,-1
Joe Ralls,29,Midfielder,Cardiff City,1959,0,0,0.28,1.61,70,336,383,-1
Joel Coleman,27,Goalkeeper,Huddersfield Town,90,0,0,0.0,1.0,90,-1,-1,-1
Joel Matip,31,Defender,Liverpool,1532,1,0,0.18,0.53,70,215,286,8
Joel Ward,32,Defender,Crystal Palace,551,1,0,0.16,1.96,79,114,358,159
Johann Berg Guðmunds­son,32,Midfielder,Burnley,1748,3,6,0.1,1.6,60,122,18,-1
John Ruddy,36,Goalkeeper,Wolverhampton Wanderers,90,0,0,0.0,0.0,90,-1,-1,-1
John Stones,28,Defender,Manchester City,1762,0,0,0.05,0.77,73,309,418,17
Jon Gorenc Stankovič,26,Defender,Huddersfield Town,718,1,0,0.25,2.38,65,139,291,171
Jonas Lössl,33,Goalkeeper,Huddersfield Town,2777,0,1,0.03,1.69,90,333,247,139
Jonathan Hogg,33,Midfielder,Huddersfield Town,2377,0,1,0.38,1.59,82,330,231,-1
Jonathan Walters,39,Forward,Burnley,0,0,0,0.0,0.0,0,-1,-1,-1
Jonjo Shelvey,30,Midfielder,Newcastle United,944,1,1,0.1,1.05,59,167,149,-1
Jonjoe Kenny,25,Defender,Everton,790,0,1,0.11,1.59,79,289,143,129
Jonny,28,Defender,Wolverhampton Wanderers,2780,1,1,0.19,1.17,84,257,237,59
Jonny Evans,34,Defender,Leicester City,1995,1,0,0.09,0.99,83,224,319,32
Jordan Ayew,31,Forward,Crystal Palace,1186,1,2,0.23,0.99,59,187,96,-1
Jordan Henderson,32,Midfielder,Liverpool,1983,1,3,0.14,0.5,62,217,102,-1
Jordan Pickford,28,Goalkeeper,Everton,3420,0,0,0.03,1.16,90,409,260,57
Jordon Ibe,26,Midfielder,AFC Bournemouth,795,1,1,0.11,2.38,42,154,134,-1
Jorginho,30,Midfielder,Chelsea,3165,2,0,0.23,1.02,86,213,375,-1
José Holebas,38,Defender,Watford,2394,3,6,0.53,1.43,86,153,49,105
Jose Izquierdo,30,Forward,Brighton & Hove Albion,794,0,1,0.11,0.91,53,266,136,-1
Joselu,32,Forward,Newcastle United,586,2,0,0.15,1.84,37,61,265,-1
Joseph Willock,23,Midfielder,Arsenal,64,0,0,0.0,0.0,32,-1,-1,-1
Josh Benson,22,Midfielder,Burnley,0,0,0,0.0,0.0,0,-1,-1,-1
Josh Knight,25,Defender,Leicester City,0,0,0,0.0,0.0,0,-1,-1,-1
Josh Murphy,27,Forward,Cardiff City,1825,3,2,0.1,1.33,63,119,147,-1
Joshua King,30,Forward,AFC Bournemouth,2974,12,3,0.09,1.63,85,49,157,-1
Joshua Sims,25,Midfielder,Southampton,209,0,1,0.0,2.15,30,-1,-1,-1
Juan Foyth,24,Defender,Tottenham Hotspur,930,1,0,0.48,0.97,78,157,334,28
Juan Mata,34,Midfielder,Manchester United,1294,3,2,0.21,0.97,59,92,103,-1
Julián Speroni,43,Goalkeeper,Crystal Palace,90,0,0,0.0,3.0,90,-1,-1,-1
Juninho Bacuna,25,Midfielder,Huddersfield Town,1414,1,0,0.25,2.29,67,205,325,-1
Junior Stanislas,32,Midfielder,AFC Bournemouth,1027,2,3,0.09,2.1,45,104,35,-1
Jürgen Locadia,28,Forward,Brighton & Hove Albion,1227,2,0,0.07,1.39,47,120,281,-1
Kadeem Harris,29,Midfielder,Cardiff City,366,1,0,0.25,1.23,28,79,262,-1
Karl Darlow,32,Goalkeeper,Newcastle United,0,0,0,0.0,0.0,0,-1,-1,-1
Karlan Ahearne-Grant,24,Forward,Huddersfield Town,874,4,0,0.0,2.27,67,31,308,-1
Kasper Schmeichel,35,Goalkeeper,Leicester City,3420,0,0,0.08,1.13,90,342,302,50
Kayne Ramsey,22,Midfielder,Southampton,90,0,0,0.0,3.0,90,-1,-1,-1
Kazaiah Sterling,23,Forward,Tottenham Hotspur,0,0,0,0.0,0.0,0,-1,-1,-1
Kelechi Iheanacho,26,Forward,Leicester City,926,1,3,0.19,1.07,31,169,24,-1
Kelland Watts,23,Midfielder,Newcastle United,0,0,0,0.0,0.0,0,-1,-1,-1
Ken Sema,29,Midfielder,Watford,755,1,2,0.12,0.95,44,143,47,-1
Kenneth Dahrup Zohorè,28,Forward,Cardiff City,746,1,1,0.12,1.81,39,142,128,-1
Kepa Arrizabalaga,28,Goalkeeper,Chelsea,3240,0,0,0.06,1.06,90,364,363,39
Kevin De Bruyne,31,Midfielder,Manchester City,974,2,2,0.18,0.28,51,109,75,-1
Kevin Long,32,Defender,Burnley,513,0,1,0.0,1.23,86,293,72,70
Kevin McDonald,33,Midfielder,Fulham,842,0,0,0.64,2.67,56,317,410,-1
Ki Sung-yueng,33,Midfielder,Newcastle United,1302,0,1,0.14,1.24,72,349,179,-1
Kieran Dowell,25,Midfielder,Everton,0,0,0,0.0,0.0,0,-1,-1,-1
Kieran Trippier,32,Defender,Tottenham Hotspur,2278,1,3,0.08,0.79,84,230,122,19
Kiko Femenía,31,Midfielder,Watford,2045,1,1,0.04,1.67,71,240,216,-1
Konstantinos Mavropanos,24,Defender,Arsenal,150,0,0,0.6,0.6,38,-1,-1,-1
Kortney Hause,27,Defender,Wolverhampton Wanderers,0,0,0,0.0,0.0,0,-1,-1,-1
Kurt Zouma,28,Defender,Everton,2610,2,2,0.17,1.28,82,192,185,83
Kyle Taylor,23,Midfielder,AFC Bournemouth,0,0,0,0.0,0.0,0,-1,-1,-1
Kyle Walker,32,Defender,Manchester City,2777,1,1,0.1,0.55,84,250,248,10
Kyle Walker-Peters,25,Defender,Tottenham Hotspur,374,0,3,0.24,0.96,62,357,1,25
Laurent Depoitre,33,Forward,Huddersfield Town,1059,0,1,0.08,1.87,46,331,169,-1
Laurent Koscielny,37,Defender,Arsenal,1328,3,0,0.07,1.42,78,93,295,103
Lazar Marković,28,Midfielder,Fulham,44,0,0,0.0,0.0,44,-1,-1,-1
Leander Dendoncker,27,Midfielder,Wolverhampton Wanderers,1469,2,0,0.06,1.16,77,146,331,-1
Leandro Bacuna,31,Midfielder,Cardiff City,554,0,0,0.32,1.79,50,281,309,-1
Lee Grant,39,Goalkeeper,Manchester United,0,0,0,0.0,0.0,0,-1,-1,-1
Lee Peltier,35,Defender,Cardiff City,1542,0,0,0.23,1.23,77,352,391,72
Leighton Baines,37,Defender,Everton,376,0,0,0.0,1.44,63,410,287,109
Leon Balogun,34,Defender,Brighton & Hove Albion,591,1,0,0.3,1.37,74,121,292,97
Leonardo Bonatini Lohner Maia,28,Forward,Wolverhampton Wanderers,128,0,1,0.0,0.0,18,-1,-1,-1
Leroy Sané,26,Midfielder,Manchester City,1867,10,10,0.05,0.67,60,19,4,-1
Lewis Cass,22,Defender,Newcastle United,0,0,0,0.0,0.0,0,-1,-1,-1
Lewis Cook,25,Midfielder,AFC Bournemouth,721,0,0,0.25,1.25,55,362,393,-1
Lewis Dunk,30,Defender,Brighton & Hove Albion,3153,2,1,0.2,1.51,88,203,252,120
Loïc Damour,31,Midfielder,Cardiff City,21,0,0,0.0,8.57,11,-1,-1,-1
Loris Karius,29,Goalkeeper,Liverpool,0,0,0,0.0,0.0,0,-1,-1,-1
Luca de la Torre,24,Midfielder,Fulham,0,0,0,0.0,0.0,0,-1,-1,-1
Lucas Digne,29,Defender,Everton,2990,4,4,0.21,1.08,85,147,125,42
Lucas Moura,30,Midfielder,Tottenham Hotspur,2127,10,0,0.13,0.68,66,30,279,-1
Lucas Perez,34,Forward,West Ham United,468,3,0,0.0,1.73,31,10,276,-1
Lucas Torreira,26,Midfielder,Arsenal,2377,2,2,0.34,1.33,70,190,174,-1
Luciano Vietto,28,Forward,Fulham,983,1,4,0.09,1.92,49,180,11,-1
Luka Milivojević,31,Midfielder,Crystal Palace,3420,12,2,0.26,1.24,90,59,210,-1
Luke Amos,25,Midfielder,Tottenham Hotspur,2,0,0,0.0,0.0,2,-1,-1,-1
Luke Dreher,23,Midfielder,Crystal Palace,0,0,0,0.0,0.0,0,-1,-1,-1
Luke Shaw,27,Defender,Manchester United,2592,1,4,0.38,1.25,89,262,105,77
Lys Mousset,26,Forward,AFC Bournemouth,345,1,0,0.26,3.39,14,75,395,-1
Maarten Stekelenburg,40,Goalkeeper,Everton,0,0,0,0.0,0.0,0,-1,-1,-1
Mamadou Sakho,32,Defender,Crystal Palace,2417,0,0,0.07,1.19,90,322,403,64
Manolo Gabbiadini,30,Forward,Southampton,470,1,0,0.0,2.11,39,100,357,-1
Manuel Lanzini,29,Midfielder,West Ham United,688,1,1,0.26,1.44,69,130,111,-1
Marc Albrighton,32,Midfielder,Leicester City,1626,2,2,0.17,0.94,60,156,140,-1
Marc Guehi,22,Defender,Chelsea,0,0,0,0.0,0.0,0,-1,-1,-1
Marc Navarro Ceciliano,27,Defender,Watford,84,0,0,0.0,2.14,42,-1,-1,-1
Marc Pugh,35,Midfielder,AFC Bournemouth,0,0,0,0.0,0.0,0,-1,-1,-1
Marcos Alonso,31,Defender,Chelsea,2761,2,4,0.2,0.91,89,191,112,22
Marcus Bettinelli,30,Goalkeeper,Fulham,630,0,0,0.14,2.71,90,296,283,174
Marcus Rashford,25,Forward,Manchester United,2362,10,6,0.19,1.3,72,41,52,-1
Mario Lemina,29,Midfielder,Southampton,1615,1,1,0.28,1.78,77,211,195,-1
Mark Noble,35,Midfielder,West Ham United,2308,5,5,0.31,1.13,74,96,70,-1
Mark Travers,23,Goalkeeper,AFC Bournemouth,180,0,0,0.0,2.5,90,-1,-1,-1
Marko Arnautović,33,Forward,West Ham United,2000,10,4,0.14,1.4,71,26,76,-1
Markus Suttner,35,Defender,Brighton & Hove Albion,0,0,0,0.0,0.0,0,-1,-1,-1
Marouane Fellaini,34,Midfielder,Manchester United,744,0,1,0.12,1.57,53,341,129,-1
Martin Dúbravka,33,Goalkeeper,Newcastle United,3420,0,0,0.03,1.16,90,345,317,58
Martin Kelly,32,Defender,Crystal Palace,1110,0,0,0.16,1.46,85,326,350,110
Martín Montoya,31,Defender,Brighton & Hove Albion,2166,0,1,0.17,1.58,87,294,229,128
Mason Greenwood,21,Midfielder,Manchester United,115,0,0,0.0,1.57,38,-1,-1,-1
Mason Holgate,26,Defender,Everton,407,0,0,0.22,1.99,81,414,390,160
Matěj Vydra,30,Forward,Burnley,311,1,1,0.29,1.16,24,66,23,-1
Mateo Kovačić,28,Midfielder,Chelsea,1743,0,2,0.15,0.93,54,291,150,-1
Mathew Ryan,30,Goalkeeper,Brighton & Hove Albion,3060,0,0,0.06,1.53,90,398,389,122
Mathias Jørgensen,32,Defender,Huddersfield Town,2148,3,1,0.25,1.55,90,129,235,125
Matt Butcher,25,Midfielder,AFC Bournemouth,0,0,0,0.0,0.0,0,-1,-1,-1
Matt Doherty,30,Defender,Wolverhampton Wanderers,3147,4,5,0.14,1.09,83,155,100,46
Matt Ritchie,33,Midfielder,Newcastle United,2940,2,8,0.28,1.13,82,216,46,-1
Matt Targett,27,Defender,Southampton,1185,1,3,0.15,1.82,74,183,51,151
Matteo Darmian,32,Defender,Manchester United,443,0,0,0.0,1.42,74,411,280,102
Matteo Guendouzi,23,Midfielder,Arsenal,2143,0,0,0.38,1.18,65,386,405,-1
Matthew Connolly,35,Defender,Cardiff City,0,0,0,0.0,0.0,0,-1,-1,-1
Matthew Lowton,33,Defender,Burnley,1748,0,0,0.36,1.8,83,378,342,150
Matty Daly,21,Midfielder,Huddersfield Town,73,0,0,0.0,1.23,37,-1,-1,-1
Max Harrison Sanders,23,Midfielder,Brighton & Hove Albion,0,0,0,0.0,0.0,0,-1,-1,-1
Max Kilman,25,Defender,Wolverhampton Wanderers,0,0,0,0.0,0.0,0,-1,-1,-1
Max Meyer,27,Midfielder,Crystal Palace,1414,1,2,0.19,1.21,49,209,110,-1
Maxime Le Marchand,33,Defender,Fulham,2251,0,1,0.2,2.0,87,314,219,162
Maya Yoshida,34,Defender,Southampton,1520,0,1,0.0,1.6,89,308,192,133
Mesut Özil,34,Midfielder,Arsenal,1741,5,2,0.1,1.19,73,73,151,-1
Michael Keane,29,Defender,Everton,2970,1,2,0.06,1.12,90,251,196,49
Michael Obafemi,22,Forward,Southampton,134,1,1,0.67,1.34,22,-1,-1,-1
Michail Antonio,32,Midfielder,West Ham United,2099,6,4,0.13,1.11,64,77,85,-1
Michel Vorm,39,Goalkeeper,Tottenham Hotspur,180,0,0,0.0,2.0,90,-1,-1,-1
Michy Batshuayi,29,Forward,Crystal Palace,756,5,0,0.0,1.31,69,8,307,-1
Miguel Almirón,28,Midfielder,Newcastle United,763,0,0,0.0,1.18,76,282,311,-1
Miguel Ángel Britos Cabrera,37,Defender,Watford,185,0,0,0.0,2.43,62,-1,-1,-1
Mohamed Diamé,35,Midfielder,Newcastle United,2165,0,0,0.12,1.16,75,348,267,-1
Mohamed Elneny,30,Midfielder,Arsenal,381,0,0,0.0,0.94,48,388,409,-1
Mohamed Elyounoussi,28,Midfielder,Southampton,790,0,0,0.0,0.91,49,375,368,-1
Mohamed Salah,30,Forward,Liverpool,3262,22,8,0.03,0.5,86,7,57,-1
Morgan Gibbs-White,22,Midfielder,Wolverhampton Wanderers,647,0,1,0.14,1.25,25,408,107,-1
Morgan Schneiderlin,32,Midfielder,Everton,833,0,1,0.22,0.97,60,412,138,-1
Moussa Dembele,35,Midfielder,Tottenham Hotspur,516,0,0,0.17,0.87,52,355,277,-1
Moussa Sissoko,33,Midfielder,Tottenham Hotspur,2336,0,3,0.08,1.0,81,354,131,-1
N'Golo Kanté,31,Midfielder,Chelsea,3096,4,4,0.09,1.08,86,141,126,-1
Naby Keïta,27,Midfielder,Liverpool,1392,2,1,0.0,0.45,56,138,190,-1
Nacho Monreal,36,Defender,Arsenal,1861,1,3,0.24,1.02,85,222,98,37
Nampalys Mendy,30,Midfielder,Leicester City,2088,0,0,0.22,1.12,67,271,397,-1
Nathan Aké,27,Defender,AFC Bournemouth,3412,4,0,0.08,1.74,90,150,337,148
Nathan Holland,24,Midfielder,West Ham United,0,0,0,0.0,0.0,0,-1,-1,-1
Nathan Redmond,28,Midfielder,Southampton,3276,6,4,0.08,1.46,86,116,137,-1
Nathaniel Chalobah,27,Midfielder,Watford,266,0,0,0.68,1.69,30,-1,-1,-1
Nathaniel Clyne,31,Defender,AFC Bournemouth,1254,0,1,0.14,1.72,70,392,180,146
Nathaniel Mendez-Laing,30,Midfielder,Cardiff City,984,4,1,0.0,1.37,49,46,159,-1
Neeskens Kebano,30,Midfielder,Fulham,103,0,0,0.0,0.87,15,-1,-1,-1
Neil Leonard Dula Etheridge,32,Goalkeeper,Cardiff City,3420,0,0,0.05,1.61,90,363,392,134
Nemanja Matić,34,Midfielder,Manchester United,2441,1,0,0.29,1.29,87,239,257,-1
Nicolas Otamendi,34,Defender,Manchester City,1233,0,0,0.07,0.51,69,273,385,4
Nikola Tavares,23,Defender,Crystal Palace,0,0,0,0.0,0.0,0,-1,-1,-1
Nnamdi Ofoborh,22,Midfielder,AFC Bournemouth,0,0,0,0.0,0.0,0,-1,-1,-1
Oleksandr Zinchenko,25,Midfielder,Manchester City,1153,0,3,0.08,0.31,82,284,50,-1
Oliver Skipp,22,Midfielder,Tottenham Hotspur,216,0,0,0.0,0.0,27,-1,-1,-1
Olivier Giroud,36,Forward,Chelsea,832,2,4,0.11,0.43,31,86,7,-1
Oriol Romeu,31,Midfielder,Southampton,2140,1,0,0.46,1.35,69,244,371,-1
Oumar Niasse,32,Forward,Cardiff City,998,0,0,0.0,1.08,55,415,388,-1
Pablo Zabaleta,37,Defender,West Ham United,2092,0,1,0.17,1.38,80,370,223,99
Pape N'Diaye Souaré,32,Defender,Crystal Palace,0,0,0,0.0,0.0,0,-1,-1,-1
Pascal Groß,31,Midfielder,Brighton & Hove Albion,1878,3,3,0.05,1.49,75,126,104,-1
Patrick van Aanholt,32,Defender,Crystal Palace,3198,3,2,0.08,1.15,89,184,199,53
Paul Dummett,31,Defender,Newcastle United,1986,0,0,0.05,1.22,76,347,269,69
Paul Pogba,29,Midfielder,Manchester United,3011,13,9,0.18,1.23,86,37,30,-1
Paulo Gazzaniga,30,Goalkeeper,Tottenham Hotspur,270,0,0,0.0,0.33,90,-1,-1,-1
Pedro Obiang,30,Midfielder,West Ham United,1121,0,1,0.0,1.36,47,371,168,-1
Pedro Rodriguez,35,Midfielder,Chelsea,1780,8,2,0.1,0.91,57,35,144,-1
Peter Crouch,41,Forward,Burnley,86,0,0,1.05,0.0,14,-1,-1,-1
Petr Čech,40,Goalkeeper,Arsenal,585,0,0,0.0,1.23,84,384,377,71
Phil Bardsley,37,Defender,Burnley,1672,0,0,0.48,1.18,88,383,355,62
Phil Foden,22,Midfielder,Manchester City,327,1,0,0.0,0.0,25,67,386,-1
Phil Jagielka,40,Defender,Everton,329,1,0,0.55,0.55,47,71,272,9
Phil Jones,30,Defender,Manchester United,1263,0,1,0.07,1.14,70,299,189,51
Philip Billing,26,Midfielder,Huddersfield Town,2192,2,0,0.29,1.68,81,185,372,-1
Philippe Sandler,25,Defender,Manchester City,0,0,0,0.0,0.0,0,-1,-1,-1
Pierre-Emerick Aubameyang,33,Forward,Arsenal,2731,22,5,0.0,1.32,76,3,88,-1
Pierre-Emile Højbjerg,27,Midfielder,Southampton,2764,4,3,0.36,1.69,89,136,148,-1
Rachid Ghezzal,30,Forward,Leicester City,738,1,0,0.37,1.46,39,140,322,-1
Rafael Euclides Soares Camacho,22,Midfielder,Liverpool,0,0,0,0.0,0.0,0,-1,-1,-1
Raheem Sterling,27,Forward,Manchester City,2777,17,10,0.1,0.62,82,12,14,-1
Rajiv van La Parra,31,Midfielder,Huddersfield Town,407,0,0,0.0,1.33,81,335,396,-1
Ramadan Sobhi,25,Forward,Huddersfield Town,75,0,0,0.0,1.2,19,-1,-1,-1
Raúl Jiménez,31,Forward,Wolverhampton Wanderers,3124,13,7,0.12,1.12,82,42,63,-1
Rhys Healey,27,Forward,Cardiff City,49,0,0,0.0,1.84,16,-1,-1,-1
Ricardo Pereira,29,Defender,Leicester City,3125,2,6,0.2,1.15,89,214,84,52
Richarlison,25,Forward,Everton,2679,13,1,0.24,1.08,77,28,250,-1
Riyad Mahrez,31,Midfielder,Manchester City,1339,7,4,0.0,0.6,50,22,32,-1
Rob Holding,27,Defender,Arsenal,807,0,0,0.11,1.12,81,389,411,47
Robbie Brady,30,Midfielder,Burnley,715,0,1,0.63,1.51,45,268,108,-1
Robert Kenedy Nunes do Nascimento,26,Midfielder,Newcastle United,1344,1,1,0.07,1.14,54,193,184,-1
Robert Snodgrass,35,Midfielder,West Ham United,2222,2,5,0.41,1.26,67,188,64,-1
Roberto Firmino,31,Forward,Liverpool,2620,12,6,0.0,0.45,77,32,62,-1
Roberto Pereyra,31,Forward,Watford,2825,6,1,0.1,1.66,86,97,251,-1
Romain Saïss,32,Midfielder,Wolverhampton Wanderers,1144,2,0,0.55,1.26,60,115,264,-1
Romelu Lukaku,29,Forward,Manchester United,2130,12,0,0.17,1.52,67,16,305,-1
Rondon,33,Forward,Newcastle United,2609,11,7,0.03,1.0,82,40,43,-1
Ross Barkley,28,Midfielder,Chelsea,1241,3,5,0.07,0.94,46,84,12,-1
Ruben Loftus-Cheek,26,Midfielder,Chelsea,983,6,2,0.0,0.73,41,11,83,-1
Rúben Neves,25,Midfielder,Wolverhampton Wanderers,3009,4,3,0.24,1.2,86,145,162,-1
Ruben Vinagre,23,Defender,Wolverhampton Wanderers,703,0,0,0.13,1.15,41,406,323,54
Rui Patrício,34,Goalkeeper,Wolverhampton Wanderers,3330,0,0,0.0,1.16,90,405,328,56
Ryan Bennett,32,Defender,Wolverhampton Wanderers,3060,1,0,0.35,1.06,90,256,304,40
Ryan Bertrand,33,Defender,Southampton,2160,1,0,0.33,1.5,90,245,366,117
Ryan Fraser,28,Midfielder,AFC Bournemouth,3173,7,14,0.06,1.73,84,95,9,-1
Ryan Fredericks,30,Midfielder,West Ham United,1085,1,0,0.41,1.08,72,189,340,-1
Ryan Giles,22,Midfielder,Wolverhampton Wanderers,0,0,0,0.0,0.0,0,-1,-1,-1
Ryan Guno Babel,35,Forward,Fulham,1260,5,3,0.21,1.71,79,47,61,-1
Ryan Schofield,22,Goalkeeper,Huddersfield Town,0,0,0,0.0,0.0,0,-1,-1,-1
Ryan Sessegnon,22,Defender,Fulham,2298,2,6,0.0,2.27,66,182,53,168
Sadio Mané,30,Forward,Liverpool,3086,22,1,0.06,0.52,86,4,249,-1
Sam Gallagher,27,Forward,Southampton,30,0,0,0.0,0.0,8,-1,-1,-1
Sam Surridge,24,Forward,AFC Bournemouth,11,0,0,0.0,0.0,6,-1,-1,-1
Sam Vokes,33,Forward,Burnley,913,3,0,0.0,1.77,46,64,351,-1
Sam Woods,24,Defender,Crystal Palace,0,0,0,0.0,0.0,0,-1,-1,-1
Samir Nasri,35,Midfielder,West Ham United,246,0,2,0.0,0.73,49,-1,-1,-1
Sandro Ramirez,27,Forward,Everton,0,0,0,0.0,0.0,0,-1,-1,-1
Scott Dann,35,Defender,Crystal Palace,660,0,1,0.14,0.95,66,276,101,24
Scott McTominay,25,Midfielder,Manchester United,861,2,0,0.1,1.78,54,91,303,-1
Sead Kolašinac,29,Defender,Arsenal,1891,0,5,0.24,1.24,79,285,45,75
Séamus Coleman,34,Defender,Everton,2560,2,2,0.04,1.02,88,197,178,34
Sean Longstaff,25,Midfielder,Newcastle United,688,1,0,0.26,1.05,76,135,263,-1
Sean Morrison,31,Defender,Cardiff City,3040,1,3,0.18,1.69,89,255,164,140
Sebastian Prödl,35,Defender,Watford,13,0,0,0.0,0.0,13,-1,-1,-1
Serge Aurier,29,Defender,Tottenham Hotspur,564,0,2,0.16,1.44,71,351,15,108
Sergio Aguero,34,Forward,Manchester City,2480,21,8,0.11,0.54,75,1,28,-1
Sergio Rico,29,Goalkeeper,Fulham,2610,0,0,0.03,1.83,90,320,406,153
Sergio Romero,35,Goalkeeper,Manchester United,0,0,0,0.0,0.0,0,-1,-1,-1
Shane Duffy,30,Defender,Brighton & Hove Albion,3088,5,1,0.17,1.49,88,123,253,115
Shane Long,35,Forward,Southampton,1269,5,1,0.21,1.42,49,51,182,-1
Shinji Okazaki,36,Forward,Leicester City,269,0,1,0.0,0.33,13,-1,-1,-1
Shkodran Mustafi,30,Defender,Arsenal,2617,2,0,0.31,1.24,84,201,378,74
Simon Francis,37,Defender,AFC Bournemouth,1226,0,2,0.07,1.69,72,360,99,138
Simon Mignolet,34,Goalkeeper,Liverpool,0,0,0,0.0,0.0,0,-1,-1,-1
Sokratis Papastathopoulos,34,Defender,Arsenal,2199,1,2,0.49,1.27,88,234,173,82
Solly March,28,Midfielder,Brighton & Hove Albion,2473,1,5,0.04,1.42,71,242,82,-1
Souleymane Bamba,37,Defender,Cardiff City,2475,4,1,0.25,1.67,88,118,222,136
Stefan Marius Johansen,31,Midfielder,Fulham,412,0,0,0.87,2.4,34,318,401,-1
Stefano Okaka,33,Forward,Watford,22,0,0,4.09,4.09,11,-1,-1,-1
Stephan Lichtsteiner,38,Defender,Arsenal,940,0,0,0.29,1.72,67,387,407,147
Stephen Ward,37,Defender,Burnley,230,0,0,0.39,2.35,77,-1,-1,-1
Steve Cook,31,Defender,AFC Bournemouth,2787,1,1,0.1,1.71,90,254,243,145
Steve Mounié,28,Forward,Huddersfield Town,1777,2,3,0.15,1.72,57,168,90,-1
Steven Davis,37,Midfielder,Southampton,96,0,1,0.0,2.81,32,-1,-1,-1
Steven Defour,34,Midfielder,Burnley,452,0,0,0.0,2.39,75,264,321,-1
Stuart Armstrong,30,Midfielder,Southampton,1432,3,2,0.13,1.45,49,98,114,-1
Sullay Kaikai,27,Midfielder,Crystal Palace,0,0,0,0.0,0.0,0,-1,-1,-1
Tahith Chong,22,Forward,Manchester United,36,0,0,0.0,2.5,18,-1,-1,-1
Terence Kongolo,28,Defender,Huddersfield Town,2722,1,1,0.13,2.05,85,261,236,165
Theo Walcott,33,Forward,Everton,2122,5,2,0.04,1.4,57,90,170,-1
Tim Ream,35,Defender,Fulham,2051,0,0,0.04,2.06,79,265,320,167
Timothy Eyoma,22,Defender,Tottenham Hotspur,0,0,0,0.0,0.0,0,-1,-1,-1
Timothy Fosu-Mensah,24,Defender,Fulham,795,0,0,0.34,2.04,66,319,408,164
Toby Alderweireld,33,Defender,Tottenham Hotspur,2924,0,0,0.09,0.86,86,356,275,20
Tom Cairney,31,Midfielder,Fulham,2198,1,1,0.0,2.01,71,238,217,-1
Tom Cleverley,33,Midfielder,Watford,470,1,0,0.38,1.34,36,99,298,-1
Tom Davies,24,Midfielder,Everton,975,0,0,0.28,1.66,61,416,380,-1
Tom Heaton,36,Goalkeeper,Burnley,1710,0,0,0.16,1.21,90,382,354,68
Tom Smith,30,Defender,Huddersfield Town,1141,0,0,0.32,2.68,76,334,360,173
Trent Alexander-Arnold,24,Defender,Liverpool,2467,1,12,0.11,0.51,85,233,6,6
Troy Deeney,34,Forward,Watford,2548,9,5,0.21,1.52,80,57,81,-1
Tyias Browning,28,Defender,Everton,0,0,0,0.0,0.0,0,-1,-1,-1
Tyreke Johnson,24,Defender,Southampton,0,0,0,0.0,0.0,0,-1,-1,-1
Tyrone Mings,29,Defender,AFC Bournemouth,141,0,0,0.0,2.55,28,-1,-1,-1
Vicente Guaita,35,Goalkeeper,Crystal Palace,1755,0,0,0.1,1.08,88,325,352,45
Vicente Iborra De La Fuente,34,Midfielder,Leicester City,226,0,0,0.0,1.59,28,-1,-1,-1
Víctor Camarasa,28,Midfielder,Cardiff City,2579,5,4,0.21,1.68,81,111,106,-1
Victor Lindelöf,28,Defender,Manchester United,2602,1,1,0.03,1.31,87,263,246,88
Victor Moses,31,Midfielder,Chelsea,26,0,0,0.0,3.46,13,-1,-1,-1
Victor Wanyama,31,Midfielder,Tottenham Hotspur,509,1,0,0.35,0.53,39,106,266,-1
Viktor Gyökeres,24,Forward,Brighton & Hove Albion,0,0,0,0.0,0.0,0,-1,-1,-1
Vincent Janssen,28,Forward,Tottenham Hotspur,36,0,0,0.0,0.0,12,-1,-1,-1
Vincent Kompany,36,Defender,Manchester City,1223,1,0,0.44,0.52,72,194,384,7
Virgil van Dijk,31,Defender,Liverpool,3385,4,2,0.03,0.51,89,152,201,5
Wayne Hennessey,35,Goalkeeper,Crystal Palace,1575,0,0,0.0,1.31,88,321,404,87
Wes Morgan,38,Defender,Leicester City,1926,3,0,0.23,1.12,88,125,300,48
Wesley Hoedt,28,Defender,Southampton,1170,0,0,0.15,1.54,90,374,370,123
Wilfred Ndidi,25,Midfielder,Leicester City,3299,2,0,0.22,1.15,87,218,332,-1
Wilfried Zaha,29,Midfielder,Crystal Palace,3041,10,5,0.3,1.33,89,63,92,-1
Will Hughes,27,Midfielder,Watford,2436,2,4,0.18,1.44,76,199,91,-1
Will Norris,29,Goalkeeper,Wolverhampton Wanderers,0,0,0,0.0,0.0,0,-1,-1,-1
Willian,34,Forward,Chelsea,2108,3,6,0.09,0.98,66,132,36,-1
Willy Boly,31,Defender,Wolverhampton Wanderers,3169,4,0,0.11,1.08,88,148,312,43
Willy Caballero,41,Goalkeeper,Chelsea,180,0,0,0.0,0.0,90,-1,-1,-1
Xherdan Shaqiri,31,Midfielder,Liverpool,1058,6,3,0.17,0.43,44,15,39,-1
Yan Valery,23,Defender,Southampton,1715,2,1,0.26,1.36,75,162,214,95
Yerry Mina,28,Defender,Everton,890,1,0,0.3,1.21,68,161,329,67
Yoshinori Muto,30,Forward,Newcastle United,516,1,0,0.17,1.74,30,113,290,-1
Youri Tielemans,25,Midfielder,Leicester City,1092,3,4,0.16,1.07,84,80,13,-1
Yves Bissouma,26,Midfielder,Brighton & Hove Albion,1769,0,0,0.25,1.53,63,402,293,-1
Zechariah Medley,22,Defender,Arsenal,0,0,0,0.0,0.0,0,-1,-1,-1
Zeze  Steven Sessegnon,22,Defender,Fulham,0,0,0,0.0,0.0,0,-1,-1,-1
Łukasz Fabiański,37,Goalkeeper,West Ham United,3420,0,0,0.0,1.26,90,391,343,81
